slang,formal
200an,200
200ny,200
200nya,200
200nyaa,200
200x,200
acan,ac
accessan,access
accessny,access
accessnya,access
accessnyaa,access
accessx,access
acny,ac
acnya,ac
acnyaa,ac
acpan,acp
acpny,acp
acpnya,acp
acpnyaa,acp
acpx,acp
acx,ac
ahuan,ahu
ahuny,ahu
ahunya,ahu
ahunyaa,ahu
ahux,ahu
airan,air
airny,air
airnya,air
airnyaa,air
airx,air
akustikan,akustik
akustikny,akustik
akustiknya,akustik
akustiknyaa,akustik
akustikx,akustik
alaman,alam
alamny,alam
alamnya,alam
alamnyaa,alam
alamx,alam
alarman,alarm
alarmny,alarm
alarmnya,alarm
alarmnyaa,alarm
alarmx,alarm
alumuniuman,alumunium
alumuniumny,alumunium
alumuniumnya,alumunium
alumuniumnyaa,alumunium
alumuniumx,alumunium
amplifieran,amplifier
amplifierny,amplifier
amplifiernya,amplifier
amplifiernyaa,amplifier
amplifierx,amplifier
anginan,angin
anginny,angin
anginnya,angin
anginnyaa,angin
anginx,angin
annunciatoran,annunciator
annunciatorny,annunciator
annunciatornya,annunciator
annunciatornyaa,annunciator
annunciatorx,annunciator
antenaan,antena
antenany,antena
antenanya,antena
antenanyaa,antena
antenax,antena
antreanan,antrean
antreanny,antrean
antreannya,antrean
antreannyaa,antrean
antreanx,antrean
apaban,apab
apabny,apab
apabnya,apab
apabnyaa,apab
apabx,apab
aparan,apar
aparny,apar
aparnya,apar
aparnyaa,apar
aparx,apar
apian,api
apiny,api
apinya,api
apinyaa,api
apix,api
areaan,area
areany,area
areanya,area
areanyaa,area
areax,area
asbesan,asbes
asbesny,asbes
asbesnya,asbes
asbesnyaa,asbes
asbesx,asbes
aspalan,aspal
aspalny,aspal
aspalnya,aspal
aspalnyaa,aspal
aspalx,aspal
atapan,atap
atapny,atap
atapnya,atap
atapnyaa,atap
atapx,atap
atsan,ats
atsny,ats
atsnya,ats
atsnyaa,ats
atsx,ats
audioan,audio
audiony,audio
audionya,audio
audionyaa,audio
audiox,audio
automatican,automatic
automaticny,automatic
automaticnya,automatic
automaticnyaa,automatic
automaticx,automatic
backlitan,backlit
backlitny,backlit
backlitnya,backlit
backlitnyaa,backlit
backlitx,backlit
bahanan,bahan
bahanny,bahan
bahannya,bahan
bahannyaa,bahan
bahanx,bahan
bajaan,baja
bajany,baja
bajanya,baja
bajanyaa,baja
bajax,baja
bakaran,bakar
bakarny,bakar
bakarnya,bakar
bakarnyaa,bakar
bakarx,bakar
balakaran,balakar
balakarny,balakar
balakarnya,balakar
balakarnyaa,balakar
balakarx,balakar
bangunanan,bangunan
bangunanny,bangunan
bangunannya,bangunan
bangunannyaa,bangunan
bangunanx,bangunan
bankan,bank
bankny,bank
banknya,bank
banknyaa,bank
bankx,bank
baran,bar
barangan,barang
barangny,barang
barangnya,barang
barangnyaa,barang
barangx,barang
barny,bar
barnya,bar
barnyaa,bar
barrieran,barrier
barrierny,barrier
barriernya,barrier
barriernyaa,barrier
barrierx,barrier
barx,bar
batuan,batu
batuny,batu
batunya,batu
batunyaa,batu
batux,batu
bellan,bell
bellny,bell
bellnya,bell
bellnyaa,bell
bellx,bell
bensinan,bensin
bensinny,bensin
bensinnya,bensin
bensinnyaa,bensin
bensinx,bensin
berbahanan,berbahan
berbahanny,berbahan
berbahannya,berbahan
berbahannyaa,berbahan
berbahanx,berbahan
berdaunan,berdaun
berdaunny,berdaun
berdaunnya,berdaun
berdaunnyaa,berdaun
berdaunx,berdaun
bersihan,bersih
bersihny,bersih
bersihnya,bersih
bersihnyaa,bersih
bersihx,bersih
besian,besi
besiny,besi
besinya,besi
besinyaa,besi
besix,besi
betonan,beton
betonny,beton
betonnya,beton
betonnyaa,beton
betonx,beton
biasaan,biasa
biasany,biasa
biasanya,biasa
biasanyaa,biasa
biasax,biasa
blockan,block
blockny,block
blocknya,block
blocknyaa,block
blockx,block
bloweran,blower
blowerny,blower
blowernya,blower
blowernyaa,blower
blowerx,blower
bosteran,boster
bosterny,boster
bosternya,boster
bosternyaa,boster
bosterx,boster
boxan,box
boxny,box
boxnya,box
boxnyaa,box
boxx,box
brekeran,breker
brekerny,breker
brekernya,breker
brekernyaa,breker
brekerx,breker
bulban,bulb
bulbny,bulb
bulbnya,bulb
bulbnyaa,bulb
bulbx,bulb
buttonan,button
buttonny,button
buttonnya,button
buttonnyaa,button
buttonx,button
callan,call
callny,call
callnya,call
callnyaa,call
callx,call
capacitoran,capacitor
capacitorny,capacitor
capacitornya,capacitor
capacitornyaa,capacitor
capacitorx,capacitor
cartridgean,cartridge
cartridgeny,cartridge
cartridgenya,cartridge
cartridgenyaa,cartridge
cartridgex,cartridge
cassettean,cassette
cassetteny,cassette
cassettenya,cassette
cassettenyaa,cassette
cassettex,cassette
cctvan,cctv
cctvny,cctv
cctvnya,cctv
cctvnyaa,cctv
cctvx,cctv
ceilingan,ceiling
ceilingny,ceiling
ceilingnya,ceiling
ceilingnyaa,ceiling
ceilingx,ceiling
chemicalan,chemical
chemicalny,chemical
chemicalnya,chemical
chemicalnyaa,chemical
chemicalx,chemical
chilleran,chiller
chillerny,chiller
chillernya,chiller
chillernyaa,chiller
chillerx,chiller
claddingan,cladding
claddingny,cladding
claddingnya,cladding
claddingnyaa,cladding
claddingx,cladding
closeran,closer
closerny,closer
closernya,closer
closernyaa,closer
closerx,closer
co2an,co2
co2ny,co2
co2nya,co2
co2nyaa,co2
co2x,co2
commercialan,commercial
commercialny,commercial
commercialnya,commercial
commercialnyaa,commercial
commercialx,commercial
compositan,composit
compositny,composit
compositnya,composit
compositnyaa,composit
compositx,composit
connectionan,connection
connectionny,connection
connectionnya,connection
connectionnyaa,connection
connectionx,connection
contactan,contact
contactny,contact
contactnya,contact
contactnyaa,contact
contactx,contact
controlan,control
controlleran,controller
controllerny,controller
controllernya,controller
controllernyaa,controller
controllerx,controller
controlny,control
controlnya,control
controlnyaa,control
controlx,control
cosan,cos
cosny,cos
cosnya,cos
cosnyaa,cos
cosx,cos
couplingan,coupling
couplingny,coupling
couplingnya,coupling
couplingnyaa,coupling
couplingx,coupling
cubicalan,cubical
cubicalny,cubical
cubicalnya,cubical
cubicalnyaa,cubical
cubicalx,cubical
cubiclean,cubicle
cubicleny,cubicle
cubiclenya,cubicle
cubiclenyaa,cubicle
cubiclex,cubicle
curtainan,curtain
curtainny,curtain
curtainnya,curtain
curtainnyaa,curtain
curtainx,curtain
daunan,daun
daunny,daun
daunnya,daun
daunnyaa,daun
daunx,daun
deepwellan,deepwell
deepwellny,deepwell
deepwellnya,deepwell
deepwellnyaa,deepwell
deepwellx,deepwell
detectoran,detector
detectorny,detector
detectornya,detector
detectornyaa,detector
detectorx,detector
dieselan,diesel
dieselny,diesel
dieselnya,diesel
dieselnyaa,diesel
dieselx,diesel
dimmeran,dimmer
dimmerny,dimmer
dimmernya,dimmer
dimmernyaa,dimmer
dimmerx,dimmer
dindingan,dinding
dindingny,dinding
dindingnya,dinding
dindingnyaa,dinding
dindingx,dinding
dooran,door
doorny,door
doornya,door
doornyaa,door
doorx,door
downlightan,downlight
downlightny,downlight
downlightnya,downlight
downlightnyaa,downlight
downlightx,downlight
drainan,drain
drainny,drain
drainnya,drain
drainnyaa,drain
drainx,drain
dryan,dry
dryny,dry
drynya,dry
drynyaa,dry
dryx,dry
ductan,duct
ductny,duct
ductnya,duct
ductnyaa,duct
ductx,duct
dumbwaiteran,dumbwaiter
dumbwaiterny,dumbwaiter
dumbwaiternya,dumbwaiter
dumbwaiternyaa,dumbwaiter
dumbwaiterx,dumbwaiter
dvran,dvr
dvrny,dvr
dvrnya,dvr
dvrnyaa,dvr
dvrx,dvr
eksposan,ekspos
eksposny,ekspos
eksposnya,ekspos
eksposnyaa,ekspos
eksposx,ekspos
electrican,electric
electricny,electric
electricnya,electric
electricnyaa,electric
electricx,electric
epoxyan,epoxy
epoxyny,epoxy
epoxynya,epoxy
epoxynyaa,epoxy
epoxyx,epoxy
esensialan,esensial
esensialny,esensial
esensialnya,esensial
esensialnyaa,esensial
esensialx,esensial
evavoratoran,evavorator
evavoratorny,evavorator
evavoratornya,evavorator
evavoratornyaa,evavorator
evavoratorx,evavorator
executivean,executive
executiveny,executive
executivenya,executive
executivenyaa,executive
executivex,executive
exhaustan,exhaust
exhaustny,exhaust
exhaustnya,exhaust
exhaustnyaa,exhaust
exhaustx,exhaust
fanan,fan
fanny,fan
fannya,fan
fannyaa,fan
fanx,fan
fasadean,fasade
fasadeny,fasade
fasadenya,fasade
fasadenyaa,fasade
fasadex,fasade
fcuan,fcu
fcuny,fcu
fcunya,fcu
fcunyaa,fcu
fcux,fcu
filteran,filter
filterny,filter
filternya,filter
filternyaa,filter
filterx,filter
fingerprintan,fingerprint
fingerprintny,fingerprint
fingerprintnya,fingerprint
fingerprintnyaa,fingerprint
fingerprintx,fingerprint
firean,fire
fireny,fire
firenya,fire
firenyaa,fire
firex,fire
floodlightan,floodlight
floodlightny,floodlight
floodlightnya,floodlight
floodlightnyaa,floodlight
floodlightx,floodlight
flooran,floor
floorny,floor
floornya,floor
floornyaa,floor
floorx,floor
flowan,flow
flowny,flow
flownya,flow
flownyaa,flow
flowx,flow
foaman,foam
foamny,foam
foamnya,foam
foamnyaa,foam
foamx,foam
freshan,fresh
freshny,fresh
freshnya,fresh
freshnyaa,fresh
freshx,fresh
galvaluman,galvalum
galvalumny,galvalum
galvalumnya,galvalum
galvalumnyaa,galvalum
galvalumx,galvalum
gandaan,ganda
gandany,ganda
gandanya,ganda
gandanyaa,ganda
gandax,ganda
gasan,gas
gasny,gas
gasnya,gas
gasnyaa,gas
gasx,gas
gatean,gate
gateny,gate
gatenya,gate
gatenyaa,gate
gatex,gate
gedungan,gedung
gedungny,gedung
gedungnya,gedung
gedungnyaa,gedung
gedungx,gedung
generatoran,generator
generatorny,generator
generatornya,generator
generatornyaa,generator
generatorx,generator
gensetan,genset
gensetny,genset
gensetnya,genset
gensetnyaa,genset
gensetx,genset
gentengan,genteng
gentengny,genteng
gentengnya,genteng
gentengnyaa,genteng
gentengx,genteng
gerbangan,gerbang
gerbangny,gerbang
gerbangnya,gerbang
gerbangnyaa,gerbang
gerbangx,gerbang
goingan,going
goingny,going
goingnya,going
goingnyaa,going
goingx,going
gondolaan,gondola
gondolany,gondola
gondolanya,gondola
gondolanyaa,gondola
gondolax,gondola
granitan,granit
granitny,granit
granitnya,granit
granitnyaa,granit
granitx,granit
grcan,grc
grcny,grc
grcnya,grc
grcnyaa,grc
grcx,grc
groundan,ground
groundingan,grounding
groundingny,grounding
groundingnya,grounding
groundingnyaa,grounding
groundingx,grounding
groundny,ground
groundnya,ground
groundnyaa,ground
groundx,ground
gypsuman,gypsum
gypsumny,gypsum
gypsumnya,gypsum
gypsumnyaa,gypsum
gypsumx,gypsum
halonan,halon
halonny,halon
halonnya,halon
halonnyaa,halon
halonx,halon
handan,hand
handny,hand
handnya,hand
handnyaa,hand
handx,hand
heatan,heat
heateran,heater
heaterny,heater
heaternya,heater
heaternyaa,heater
heaterx,heater
heatny,heat
heatnya,heat
heatnyaa,heat
heatx,heat
hiasan,hias
hiasny,hias
hiasnya,hias
hiasnyaa,hias
hiasx,hias
hidrantan,hidrant
hidrantny,hidrant
hidrantnya,hidrant
hidrantnyaa,hidrant
hidrantx,hidrant
hidrolikan,hidrolik
hidrolikny,hidrolik
hidroliknya,hidrolik
hidroliknyaa,hidrolik
hidrolikx,hidrolik
hornan,horn
hornny,horn
hornnya,horn
hornnyaa,horn
hornx,horn
hosean,hose
hoseny,hose
hosenya,hose
hosenyaa,hose
hosex,hose
hplan,hpl
hplny,hpl
hplnya,hpl
hplnyaa,hpl
hplx,hpl
huban,hub
hubny,hub
hubnya,hub
hubnyaa,hub
hubx,hub
hydrantan,hydrant
hydrantny,hydrant
hydrantnya,hydrant
hydrantnyaa,hydrant
hydrantx,hydrant
incomingan,incoming
incomingny,incoming
incomingnya,incoming
incomingnyaa,incoming
incomingx,incoming
indooran,indoor
indoorny,indoor
indoornya,indoor
indoornyaa,indoor
indoorx,indoor
infraredan,infrared
infraredny,infrared
infrarednya,infrared
infrarednyaa,infrared
infraredx,infrared
instalasian,instalasi
instalasiny,instalasi
instalasinya,instalasi
instalasinyaa,instalasi
instalasix,instalasi
interkoman,interkom
interkomny,interkom
interkomnya,interkom
interkomnyaa,interkom
interkomx,interkom
jendelaan,jendela
jendelany,jendela
jendelanya,jendela
jendelanyaa,jendela
jendelax,jendela
jetan,jet
jetny,jet
jetnya,jet
jetnyaa,jet
jetx,jet
jockeyan,jockey
jockeyny,jockey
jockeynya,jockey
jockeynyaa,jockey
jockeyx,jockey
jokeyan,jokey
jokeyny,jokey
jokeynya,jokey
jokeynyaa,jokey
jokeyx,jokey
kabelan,kabel
kabelny,kabel
kabelnya,kabel
kabelnyaa,kabel
kabelx,kabel
kacaan,kaca
kacany,kaca
kacanya,kaca
kacanyaa,kaca
kacax,kaca
kameraan,kamera
kamerany,kamera
kameranya,kamera
kameranyaa,kamera
kamerax,kamera
kanopian,kanopi
kanopiny,kanopi
kanopinya,kanopi
kanopinyaa,kanopi
kanopix,kanopi
kanstinan,kanstin
kanstinny,kanstin
kanstinnya,kanstin
kanstinnyaa,kanstin
kanstinx,kanstin
karpetan,karpet
karpetny,karpet
karpetnya,karpet
karpetnyaa,karpet
karpetx,karpet
kayuan,kayu
kayuny,kayu
kayunya,kayu
kayunyaa,kayu
kayux,kayu
kendaraanan,kendaraan
kendaraanny,kendaraan
kendaraannya,kendaraan
kendaraannyaa,kendaraan
kendaraanx,kendaraan
keramikan,keramik
keramikny,keramik
keramiknya,keramik
keramiknyaa,keramik
keramikx,keramik
kerjaan,kerja
kerjany,kerja
kerjanya,kerja
kerjanyaa,kerja
kerjax,kerja
khususan,khusus
khususny,khusus
khususnya,khusus
khususnyaa,khusus
khususx,khusus
kickan,kick
kickny,kick
kicknya,kick
kicknyaa,kick
kickx,kick
kipasan,kipas
kipasny,kipas
kipasnya,kipas
kipasnyaa,kipas
kipasx,kipas
kitchenan,kitchen
kitchenny,kitchen
kitchennya,kitchen
kitchennyaa,kitchen
kitchenx,kitchen
klosetan,kloset
klosetny,kloset
klosetnya,kloset
klosetnyaa,kloset
klosetx,kloset
kolaman,kolam
kolamny,kolam
kolamnya,kolam
kolamnyaa,kolam
kolamx,kolam
kontrolan,kontrol
kontrolny,kontrol
kontrolnya,kontrol
kontrolnyaa,kontrol
kontrolx,kontrol
kotoran,kotor
kotorny,kotor
kotornya,kotor
kotornyaa,kotor
kotorx,kotor
kranan,kran
kranny,kran
krannya,kran
krannyaa,kran
kranx,kran
kudaan,kuda
kudany,kuda
kudanya,kuda
kudanyaa,kuda
kudax,kuda
kursian,kursi
kursiny,kursi
kursinya,kursi
kursinyaa,kursi
kursix,kursi
kusenan,kusen
kusenny,kusen
kusennya,kusen
kusennyaa,kusen
kusenx,kusen
lampuan,lampu
lampuny,lampu
lampunya,lampu
lampunyaa,lampu
lampux,lampu
lanan,lan
lanny,lan
lannya,lan
lannyaa,lan
lantaian,lantai
lantainy,lantai
lantainya,lantai
lantainyaa,lantai
lantaix,lantai
lanx,lan
latihanan,latihan
latihanny,latihan
latihannya,latihan
latihannyaa,latihan
latihanx,latihan
layaran,layar
layarny,layar
layarnya,layar
layarnyaa,layar
layarx,layar
ledan,led
ledny,led
lednya,led
lednyaa,led
ledx,led
lemarian,lemari
lemariny,lemari
lemarinya,lemari
lemarinyaa,lemari
lemarix,lemari
lettersignan,lettersign
lettersignny,lettersign
lettersignnya,lettersign
lettersignnyaa,lettersign
lettersignx,lettersign
liftan,lift
liftny,lift
liftnya,lift
liftnyaa,lift
liftx,lift
lightan,light
lightny,light
lightnya,light
lightnyaa,light
lightx,light
listrikan,listrik
listrikny,listrik
listriknya,listrik
listriknyaa,listrik
listrikx,listrik
localan,local
localny,local
localnya,local
localnyaa,local
localx,local
lokeran,loker
lokerny,loker
lokernya,loker
lokernyaa,loker
lokerx,loker
lsaan,lsa
lsany,lsa
lsanya,lsa
lsanyaa,lsa
lsax,lsa
lvmdpan,lvmdp
lvmdpny,lvmdp
lvmdpnya,lvmdp
lvmdpnyaa,lvmdp
lvmdpx,lvmdp
mansonryan,mansonry
mansonryny,mansonry
mansonrynya,mansonry
mansonrynyaa,mansonry
mansonryx,mansonry
manualan,manual
manualny,manual
manualnya,manual
manualnyaa,manual
manualx,manual
marmeran,marmer
marmerny,marmer
marmernya,marmer
marmernyaa,marmer
marmerx,marmer
mcfaan,mcfa
mcfany,mcfa
mcfanya,mcfa
mcfanyaa,mcfa
mcfax,mcfa
mdban,mdb
mdbny,mdb
mdbnya,mdb
mdbnyaa,mdb
mdbx,mdb
mdpan,mdp
mdpny,mdp
mdpnya,mdp
mdpnyaa,mdp
mdpx,mdp
mejaan,meja
mejany,meja
mejanya,meja
mejanyaa,meja
mejax,meja
mesinan,mesin
mesinny,mesin
mesinnya,mesin
mesinnyaa,mesin
mesinx,mesin
metalan,metal
metalny,metal
metalnya,metal
metalnyaa,metal
metalx,metal
meteran,meter
meterny,meter
meternya,meter
meternyaa,meter
meterx,meter
mican,mic
micny,mic
micnya,mic
micnyaa,mic
micx,mic
mikrofonan,mikrofon
mikrofonny,mikrofon
mikrofonnya,mikrofon
mikrofonnyaa,mikrofon
mikrofonx,mikrofon
mixeran,mixer
mixerny,mixer
mixernya,mixer
mixernyaa,mixer
mixerx,mixer
modeman,modem
modemny,modem
modemnya,modem
modemnyaa,modem
modemx,modem
monitoran,monitor
monitorny,monitor
monitornya,monitor
monitornyaa,monitor
monitorx,monitor
mozaikan,mozaik
mozaikny,mozaik
mozaiknya,mozaik
mozaiknyaa,mozaik
mozaikx,mozaik
mtsan,mts
mtsny,mts
mtsnya,mts
mtsnyaa,mts
mtsx,mts
neonan,neon
neonny,neon
neonnya,neon
neonnyaa,neon
neonx,neon
networkan,network
networkny,network
networknya,network
networknyaa,network
networkx,network
nozzlean,nozzle
nozzleny,nozzle
nozzlenya,nozzle
nozzlenyaa,nozzle
nozzlex,nozzle
nvran,nvr
nvrny,nvr
nvrnya,nvr
nvrnyaa,nvr
nvrx,nvr
otomatisan,otomatis
otomatisny,otomatis
otomatisnya,otomatis
otomatisnyaa,otomatis
otomatisx,otomatis
outan,out
outny,out
outnya,out
outnyaa,out
outx,out
pabxan,pabx
pabxny,pabx
pabxnya,pabx
pabxnyaa,pabx
pabxx,pabx
pagaran,pagar
pagarny,pagar
pagarnya,pagar
pagarnyaa,pagar
pagarx,pagar
pagingan,paging
pagingny,paging
pagingnya,paging
pagingnyaa,paging
pagingx,paging
paman,pam
pamny,pam
pamnya,pam
pamnyaa,pam
pamx,pam
panelan,panel
panelny,panel
panelnya,panel
panelnyaa,panel
panelx,panel
parketan,parket
parketny,parket
parketnya,parket
parketnyaa,parket
parketx,parket
parkiran,parkir
parkirny,parkir
parkirnya,parkir
parkirnyaa,parkir
parkirx,parkir
parquetan,parquet
parquetny,parquet
parquetnya,parquet
parquetnyaa,parquet
parquetx,parquet
partisian,partisi
partisiny,partisi
partisinya,partisi
partisinyaa,partisi
partisix,partisi
pasifan,pasif
pasifny,pasif
pasifnya,pasif
pasifnyaa,pasif
pasifx,pasif
pavingan,paving
pavingny,paving
pavingnya,paving
pavingnyaa,paving
pavingx,paving
pdaman,pdam
pdamny,pdam
pdamnya,pdam
pdamnyaa,pdam
pdamx,pdam
pemadaman,pemadam
pemadamny,pemadam
pemadamnya,pemadam
pemadamnyaa,pemadam
pemadamx,pemadam
pemipaanan,pemipaan
pemipaanny,pemipaan
pemipaannya,pemipaan
pemipaannyaa,pemipaan
pemipaanx,pemipaan
peneranganan,penerangan
peneranganny,penerangan
penerangannya,penerangan
penerangannyaa,penerangan
peneranganx,penerangan
pengisianan,pengisian
pengisianny,pengisian
pengisiannya,pengisian
pengisiannyaa,pengisian
pengisianx,pengisian
penumpangan,penumpang
penumpangny,penumpang
penumpangnya,penumpang
penumpangnyaa,penumpang
penumpangx,penumpang
penyaluran,penyalur
penyalurny,penyalur
penyalurnya,penyalur
penyalurnyaa,penyalur
penyalurx,penyalur
pesawatan,pesawat
pesawatny,pesawat
pesawatnya,pesawat
pesawatnyaa,pesawat
pesawatx,pesawat
petiran,petir
petirny,petir
petirnya,petir
petirnyaa,petir
petirx,petir
phasean,phase
phaseny,phase
phasenya,phase
phasenyaa,phase
phasex,phase
pillaran,pillar
pillarny,pillar
pillarnya,pillar
pillarnyaa,pillar
pillarx,pillar
pintuan,pintu
pintuny,pintu
pintunya,pintu
pintunyaa,pintu
pintux,pintu
piran,pir
pirny,pir
pirnya,pir
pirnyaa,pir
pirx,pir
pjuan,pju
pjuny,pju
pjunya,pju
pjunyaa,pju
pjux,pju
pkgan,pkg
pkgny,pkg
pkgnya,pkg
pkgnyaa,pkg
pkgx,pkg
plafonan,plafon
plafonny,plafon
plafonnya,plafon
plafonnyaa,plafon
plafonx,plafon
plnan,pln
plnny,pln
plnnya,pln
plnnyaa,pln
plnx,pln
pointan,point
pointny,point
pointnya,point
pointnyaa,point
pointx,point
polycarbonatean,polycarbonate
polycarbonateny,polycarbonate
polycarbonatenya,polycarbonate
polycarbonatenyaa,polycarbonate
polycarbonatex,polycarbonate
pompaan,pompa
pompany,pompa
pompanya,pompa
pompanyaa,pompa
pompax,pompa
portablean,portable
portableny,portable
portablenya,portable
portablenyaa,portable
portablex,portable
powderan,powder
powderny,powder
powdernya,powder
powdernyaa,powder
powderx,powder
poweran,power
powerny,power
powernya,power
powernyaa,power
powerx,power
primeran,primer
primerny,primer
primernya,primer
primernyaa,primer
primerx,primer
provideran,provider
providerny,provider
providernya,provider
providernyaa,provider
providerx,provider
proyeksian,proyeksi
proyeksiny,proyeksi
proyeksinya,proyeksi
proyeksinyaa,proyeksi
proyeksix,proyeksi
proyektoran,proyektor
proyektorny,proyektor
proyektornya,proyektor
proyektornyaa,proyektor
proyektorx,proyektor
pumpan,pump
pumpny,pump
pumpnya,pump
pumpnyaa,pump
pumpx,pump
purifieran,purifier
purifierny,purifier
purifiernya,purifier
purifiernyaa,purifier
purifierx,purifier
pushan,push
pushny,push
pushnya,push
pushnyaa,push
pushx,push
pvcan,pvc
pvcny,pvc
pvcnya,pvc
pvcnyaa,pvc
pvcx,pvc
pylonan,pylon
pylonny,pylon
pylonnya,pylon
pylonnyaa,pylon
pylonx,pylon
rackan,rack
rackny,rack
racknya,rack
racknyaa,rack
rackx,rack
railingan,railing
railingny,railing
railingnya,railing
railingnyaa,railing
railingx,railing
rangkaan,rangka
rangkany,rangka
rangkanya,rangka
rangkanyaa,rangka
rangkax,rangka
ratean,rate
rateny,rate
ratenya,rate
ratenyaa,rate
ratex,rate
recyclean,recycle
recycleny,recycle
recyclenya,recycle
recyclenyaa,recycle
recyclex,recycle
ringanan,ringan
ringanny,ringan
ringannya,ringan
ringannyaa,ringan
ringanx,ringan
risean,rise
riseny,rise
risenya,rise
risenyaa,rise
risex,rise
rollingan,rolling
rollingny,rolling
rollingnya,rolling
rollingnyaa,rolling
rollingx,rolling
roofan,roof
roofny,roof
roofnya,roof
roofnyaa,roof
rooftankan,rooftank
rooftankny,rooftank
rooftanknya,rooftank
rooftanknyaa,rooftank
rooftankx,rooftank
roofx,roof
roran,ror
rorny,ror
rornya,ror
rornyaa,ror
rorx,ror
routeran,router
routerny,router
routernya,router
routernyaa,router
routerx,router
sampitan,sampit
sampitny,sampit
sampitnya,sampit
sampitnyaa,sampit
sampitx,sampit
satelitan,satelit
satelitny,satelit
satelitnya,satelit
satelitnyaa,satelit
satelitx,satelit
sdban,sdb
sdbny,sdb
sdbnya,sdb
sdbnyaa,sdb
sdbx,sdb
sdpan,sdp
sdpny,sdp
sdpnya,sdp
sdpnyaa,sdp
sdpx,sdp
sekunderan,sekunder
sekunderny,sekunder
sekundernya,sekunder
sekundernyaa,sekunder
sekunderx,sekunder
selangan,selang
selangny,selang
selangnya,selang
selangnyaa,selang
selangx,selang
selectoran,selector
selectorny,selector
selectornya,selector
selectornyaa,selector
selectorx,selector
sengan,seng
sengny,seng
sengnya,seng
sengnyaa,seng
sengx,seng
sensoran,sensor
sensorny,sensor
sensornya,sensor
sensornyaa,sensor
sensorx,sensor
sentralan,sentral
sentralny,sentral
sentralnya,sentral
sentralnyaa,sentral
sentralx,sentral
showeran,shower
showerny,shower
showernya,shower
showernyaa,shower
showerx,shower
siamesean,siamese
siameseny,siamese
siamesenya,siamese
siamesenyaa,siamese
siamesex,siamese
signan,sign
signny,sign
signnya,sign
signnyaa,sign
signx,sign
sinkan,sink
sinkny,sink
sinknya,sink
sinknyaa,sink
sinkx,sink
sisteman,sistem
sistemny,sistem
sistemnya,sistem
sistemnyaa,sistem
sistemx,sistem
smdban,smdb
smdbny,smdb
smdbnya,smdb
smdbnyaa,smdb
smdbx,smdb
smokean,smoke
smokeny,smoke
smokenya,smoke
smokenyaa,smoke
smokex,smoke
solaran,solar
solarny,solar
solarnya,solar
solarnyaa,solar
solarx,solar
soundbaran,soundbar
soundbarny,soundbar
soundbarnya,soundbar
soundbarnyaa,soundbar
soundbarx,soundbar
spandekan,spandek
spandekny,spandek
spandeknya,spandek
spandeknyaa,spandek
spandekx,spandek
speakeran,speaker
speakerny,speaker
speakernya,speaker
speakernyaa,speaker
speakerx,speaker
spkluan,spklu
spkluny,spklu
spklunya,spklu
spklunyaa,spklu
spklux,spklu
splitan,split
splitny,split
splitnya,split
splitnyaa,split
splitx,split
spotlightan,spotlight
spotlightny,spotlight
spotlightnya,spotlight
spotlightnyaa,spotlight
spotlightx,spotlight
sprinkleran,sprinkler
sprinklerny,sprinkler
sprinklernya,sprinkler
sprinklernyaa,sprinkler
sprinklerx,sprinkler
standingan,standing
standingny,standing
standingnya,standing
standingnyaa,standing
standingx,standing
stasiunan,stasiun
stasiunny,stasiun
stasiunnya,stasiun
stasiunnyaa,stasiun
stasiunx,stasiun
stban,stb
stbny,stb
stbnya,stb
stbnyaa,stb
stbx,stb
stpan,stp
stpny,stp
stpnya,stp
stpnyaa,stp
stpx,stp
stripan,strip
stripny,strip
stripnya,strip
stripnyaa,strip
stripx,strip
strukturan,struktur
strukturny,struktur
strukturnya,struktur
strukturnyaa,struktur
strukturx,struktur
submersiblean,submersible
submersibleny,submersible
submersiblenya,submersible
submersiblenyaa,submersible
submersiblex,submersible
sumbmersiblean,sumbmersible
sumbmersibleny,sumbmersible
sumbmersiblenya,sumbmersible
sumbmersiblenyaa,sumbmersible
sumbmersiblex,sumbmersible
supplyan,supply
supplyny,supply
supplynya,supply
supplynyaa,supply
supplyx,supply
suryaan,surya
suryany,surya
suryanya,surya
suryanyaa,surya
suryax,surya
switchan,switch
switchny,switch
switchnya,switch
switchnyaa,switch
switchx,switch
tablean,table
tableny,table
tablenya,table
tablenyaa,table
tablex,table
tamanan,taman
tamanny,taman
tamannya,taman
tamannyaa,taman
tamanx,taman
tanahan,tanah
tanahny,tanah
tanahnya,tanah
tanahnyaa,tanah
tanahx,tanah
tankan,tank
tankny,tank
tanknya,tank
tanknyaa,tank
tankx,tank
teleponan,telepon
teleponny,telepon
teleponnya,telepon
teleponnyaa,telepon
teleponx,telepon
tembokan,tembok
tembokny,tembok
temboknya,tembok
temboknyaa,tembok
tembokx,tembok
temperedan,tempered
temperedny,tempered
temperednya,tempered
temperednyaa,tempered
temperedx,tempered
terminalan,terminal
terminalny,terminal
terminalnya,terminal
terminalnyaa,terminal
terminalx,terminal
trafoan,trafo
trafony,trafo
trafonya,trafo
trafonyaa,trafo
trafox,trafo
transferan,transfer
transferny,transfer
transfernya,transfer
transfernyaa,transfer
transferx,transfer
tunggalan,tunggal
tunggalny,tunggal
tunggalnya,tunggal
tunggalnyaa,tunggal
tunggalx,tunggal
tvan,tv
tvny,tv
tvnya,tv
tvnyaa,tv
tvx,tv
umuman,umum
umumny,umum
umumnya,umum
umumnyaa,umum
umumx,umum
uninterruptiblean,uninterruptible
uninterruptibleny,uninterruptible
uninterruptiblenya,uninterruptible
uninterruptiblenyaa,uninterruptible
uninterruptiblex,uninterruptible
upsan,ups
upsny,ups
upsnya,ups
upsnyaa,ups
upsx,ups
urinalan,urinal
urinalny,urinal
urinalnya,urinal
urinalnyaa,urinal
urinalx,urinal
utpan,utp
utpny,utp
utpnya,utp
utpnyaa,utp
utpx,utp
valvean,valve
valveny,valve
valvenya,valve
valvenyaa,valve
valvex,valve
videoan,video
videony,video
videonya,video
videonyaa,video
videotronan,videotron
videotronny,videotron
videotronnya,videotron
videotronnyaa,videotron
videotronx,videotron
videox,video
vinylan,vinyl
vinylny,vinyl
vinylnya,vinyl
vinylnyaa,vinyl
vinylx,vinyl
vrvan,vrv
vrvny,vrv
vrvnya,vrv
vrvnyaa,vrv
vrvx,vrv
vsatan,vsat
vsatny,vsat
vsatnya,vsat
vsatnyaa,vsat
vsatx,vsat
wallan,wall
wallny,wall
wallnya,wall
wallnyaa,wall
wallx,wall
walpaperan,walpaper
walpaperny,walpaper
walpapernya,walpaper
walpapernyaa,walpaper
walpaperx,walpaper
washeran,washer
washerny,washer
washernya,washer
washernyaa,washer
washerx,washer
wastafelan,wastafel
wastafelny,wastafel
wastafelnya,wastafel
wastafelnyaa,wastafel
wastafelx,wastafel
wateran,water
waterny,water
waternya,water
waternyaa,water
waterx,water
wetan,wet
wetny,wet
wetnya,wet
wetnyaa,wet
wetx,wet
wiringan,wiring
wiringny,wiring
wiringnya,wiring
wiringnyaa,wiring
wiringx,wiring
zincalumean,zincalume
zincalumeny,zincalume
zincalumenya,zincalume
zincalumenyaa,zincalume
zincalumex,zincalume
